;Class;Topology;Entangled elements;Intersection points
E1;L(D);Lasso;"""Loop 1 (2D: 37-38, 53-61; 3D: 038-039, 054-062)""";"""IP1> 0: U37, B - 0: A63, C4'"""
;;;CC-GCAACGCAG;"""IP2> 0: A63, C4' - 0: C64, P"""
;;;((-).......);
;;;"""Dinucleotide step 1 (2D: 35-36, 62-63; 3D: 036-037, 063-064)""";
;;;GU-AC;
;;;((-));
;;;;
E2;L(D);Lasso;"""Loop 2 (2D: 216-217, 232-240; 3D: 0217-0218, 0233-0241)""";"""IP1> 0: A216, B - 0: U242, C4'"""
;;;CC-GCAGACAAG;"""IP2> 0: U242, C4' - 0: A243, P"""
;;;((-).......);
;;;"""Dinucleotide step 2 (2D: 214-215, 241-242; 3D: 0215-0216, 0242-0243)""";
;;;UA-UA;
;;;((-));
;;;;
